study_hours_per_week,attendance_rate,previous_exam_scores,assignments_completed,extracurricular_participation,study_attendance_interaction,study_hours_per_week_squared,attendance_rate_squared,assignments_per_week,final_exam_score
11.00,96.73,46.86,,1.00,1064.04,121.00,9356.83,1.50,51.83
24.00,81.91,64.87,18.00,0.00,,576.00,6709.83,0.72,78.82
19.00,75.83,91.81,13.00,1.00,1440.86,361.00,5750.92,0.65,73.94
15.00,82.86,95.38,3.00,0.00,1242.83,225.00,6865.04,0.19,68.04
12.00,,67.94,12.00,4.00,861.40,144.00,5152.89,0.92,56.65
25.00,86.50,68.85,7.00,5.00,2162.55,625.00,,0.27,81.53
11.00,52.39,95.11,20.00,0.00,576.24,121.00,2744.27,1.67,43.23
30.00,78.30,75.22,18.00,3.00,2349.06,900.00,6131.18,0.58,78.46
23.00,57.93,41.97,11.00,,1332.44,529.00,3356.15,0.46,57.61
27.00,56.01,94.76,17.00,0.00,1512.22,729.00,3136.92,0.61,60.01
15.00,67.09,54.89,5.00,5.00,1006.41,225.00,4501.60,0.31,55.10
15.00,54.59,74.66,17.00,5.00,818.85,225.00,2980.06,1.06,45.12
28.00,54.71,49.93,18.00,5.00,1531.82,784.00,2992.95,0.62,60.47
,65.57,42.03,4.00,4.00,1639.27,,4299.51,0.15,59.35
8.00,98.98,58.69,8.00,3.00,791.80,64.00,9796.15,0.89,54.82
12.00,58.77,86.83,2.00,2.00,705.20,144.00,3453.50,0.15,57.85
28.00,50.86,56.66,9.00,2.00,1424.03,784.00,2586.54,0.31,51.84
7.00,88.17,53.21,18.00,0.00,617.18,49.00,7773.64,2.25,51.93
26.00,90.35,52.76,2.00,5.00,2348.99,676.00,8162.34,0.07,79.93
25.00,67.32,70.91,14.00,0.00,1682.88,625.00,4531.34,0.54,72.58
6.00,73.23,98.53,0.00,4.00,439.40,36.00,5363.17,0.00,50.71
28.00,82.49,67.54,6.00,4.00,2309.68,784.00,6804.38,0.21,79.51
16.00,52.40,73.44,11.00,1.00,838.45,256.00,2746.07,0.65,52.23
10.00,97.46,91.64,16.00,4.00,974.57,100.00,9497.92,1.45,75.72
6.00,94.33,72.10,20.00,1.00,566.00,36.00,8898.91,2.86,62.65
25.00,63.04,51.07,19.00,3.00,1576.12,625.00,3974.63,0.73,59.21
5.00,50.77,57.98,4.00,0.00,253.83,25.00,2577.11,0.67,32.20
16.00,96.67,58.60,3.00,3.00,1546.75,256.00,9345.44,0.18,71.84
30.00,75.05,63.84,11.00,4.00,2251.56,900.00,5632.80,0.35,70.64
26.00,76.97,65.61,19.00,3.00,2001.19,676.00,5924.21,0.70,59.46
16.00,84.20,87.99,17.00,3.00,1347.17,256.00,7089.33,1.00,73.88
29.00,80.79,60.96,16.00,3.00,2342.98,841.00,6527.44,0.53,83.21
21.00,97.19,68.09,18.00,4.00,,441.00,9446.79,0.82,69.79
14.00,97.21,77.50,8.00,5.00,1360.98,196.00,9450.29,0.53,68.70
20.00,93.36,62.66,3.00,3.00,1867.20,400.00,8716.08,0.14,78.39
19.00,81.82,90.19,20.00,1.00,1554.58,361.00,6694.54,1.00,84.45
19.00,90.05,75.25,1.00,4.00,1710.90,361.00,8108.55,0.05,74.68
23.00,83.86,57.64,3.00,3.00,1928.74,529.00,7032.23,0.13,68.37
16.00,78.67,82.84,1.00,5.00,1258.69,256.00,6188.71,0.06,65.36
27.00,56.43,71.66,14.00,4.00,1523.48,729.00,3183.78,0.50,69.11
24.00,90.56,72.07,1.00,2.00,2173.45,576.00,8201.15,0.04,76.74
29.00,91.03,68.87,3.00,5.00,2639.93,841.00,8286.82,0.10,82.34
7.00,81.30,69.82,5.00,1.00,569.08,49.00,6609.20,0.63,52.51
9.00,91.02,85.92,6.00,3.00,819.19,81.00,8284.88,0.60,60.77
23.00,82.57,46.18,9.00,2.00,1899.21,529.00,6818.50,0.38,69.97
11.00,60.33,60.06,18.00,2.00,663.68,121.00,3640.22,1.50,56.31
25.00,63.70,44.53,18.00,4.00,1592.45,625.00,4057.44,0.69,61.83
13.00,60.73,85.19,11.00,2.00,789.48,169.00,3688.07,0.79,53.26
11.00,68.86,56.34,2.00,1.00,757.49,121.00,4742.11,0.17,48.58
22.00,51.95,93.85,12.00,1.00,1142.86,484.00,2698.61,0.52,51.11
8.00,80.91,71.59,17.00,0.00,647.30,64.00,6546.86,1.89,61.67
29.00,66.83,88.04,7.00,1.00,1938.00,841.00,4465.94,0.23,72.88
18.00,82.79,98.74,20.00,5.00,1490.15,324.00,6853.54,1.05,75.01
22.00,69.27,90.39,14.00,2.00,1523.94,484.00,4798.31,0.61,85.29
30.00,84.08,92.02,0.00,1.00,2522.42,900.00,7069.56,0.00,87.90
13.00,67.03,64.48,2.00,4.00,871.41,169.00,4493.19,0.14,49.36
30.00,63.03,73.10,7.00,0.00,1891.04,900.00,3973.38,0.23,66.31
25.00,74.80,55.23,3.00,2.00,1870.05,625.00,5595.32,0.12,73.51
6.00,84.64,51.77,15.00,0.00,507.87,36.00,7164.69,2.14,53.16
24.00,67.42,70.33,9.00,2.00,1618.00,576.00,4545.03,0.36,58.42
19.00,96.83,75.70,11.00,4.00,1839.82,361.00,9376.52,0.55,84.27
11.00,51.96,60.36,13.00,0.00,571.55,121.00,2699.77,1.08,39.83
16.00,70.90,74.17,13.00,3.00,1134.36,256.00,5026.43,0.76,70.45
12.00,98.38,93.25,1.00,5.00,1180.55,144.00,9678.43,0.08,79.66
19.00,77.40,73.40,4.00,5.00,1470.57,361.00,5990.54,0.20,64.96
7.00,71.17,83.25,4.00,2.00,498.21,49.00,5065.67,0.50,59.31
18.00,78.43,88.32,5.00,3.00,1411.67,324.00,6150.64,0.26,69.84
21.00,78.80,99.32,12.00,0.00,1654.72,441.00,6208.85,0.55,79.69
8.00,86.58,76.19,8.00,3.00,692.66,64.00,7496.51,0.89,62.87
22.00,56.38,88.41,14.00,3.00,,484.00,3179.21,0.61,56.86
12.00,62.50,97.76,13.00,0.00,750.01,144.00,3906.35,1.00,53.73
8.00,79.03,96.66,6.00,4.00,632.22,64.00,6245.30,0.67,66.02
6.00,93.36,48.46,19.00,3.00,560.13,36.00,8715.31,2.71,55.11
10.00,78.09,64.38,1.00,3.00,780.93,100.00,6098.57,0.09,53.46
26.00,61.93,59.44,6.00,4.00,1610.18,676.00,3835.31,0.22,56.99
14.00,83.99,45.22,5.00,3.00,1175.89,196.00,7054.70,0.33,61.67
8.00,87.00,77.99,16.00,3.00,695.96,64.00,7568.21,1.78,72.12
26.00,61.91,84.15,1.00,3.00,1609.71,676.00,3833.07,0.04,60.70
22.00,68.89,90.89,2.00,5.00,1515.50,484.00,4745.34,0.09,68.56
30.00,76.72,47.37,4.00,1.00,2301.49,900.00,5885.40,0.13,79.79
16.00,74.83,92.59,4.00,4.00,1197.25,256.00,5599.24,0.24,65.82
6.00,69.48,78.58,0.00,3.00,416.89,36.00,4827.60,0.00,52.19
14.00,64.88,82.24,7.00,5.00,908.34,196.00,4209.64,0.47,51.82
8.00,55.00,94.64,11.00,4.00,439.99,64.00,3024.92,1.22,51.57
18.00,52.67,77.49,3.00,2.00,948.14,324.00,2774.58,0.16,51.11
20.00,97.93,60.15,12.00,2.00,1958.54,400.00,9589.71,0.57,83.22
19.00,92.36,89.51,14.00,3.00,1754.79,361.00,8529.84,0.70,85.88
12.00,67.75,61.78,10.00,5.00,812.94,144.00,4589.42,0.77,65.88
18.00,97.84,42.05,9.00,5.00,1761.12,324.00,9572.67,0.47,75.11
27.00,83.84,89.84,2.00,4.00,2263.64,729.00,7028.89,0.07,84.67
29.00,74.13,60.71,13.00,4.00,2149.66,841.00,5494.67,0.43,74.86
12.00,74.65,86.43,15.00,5.00,895.82,144.00,5572.81,1.15,60.19
25.00,54.16,61.77,9.00,4.00,1354.11,625.00,2933.76,0.35,58.25
20.00,54.59,91.66,9.00,5.00,1091.70,400.00,2979.54,0.43,57.26
17.00,80.12,53.17,11.00,1.00,1362.07,289.00,6419.54,0.61,63.50
22.00,77.69,98.47,8.00,5.00,1709.07,484.00,6034.98,0.35,82.60
19.00,60.64,86.79,0.00,2.00,1152.09,361.00,3676.77,0.00,54.10
25.00,97.31,46.85,4.00,4.00,2432.74,625.00,9469.18,0.15,86.82
28.00,89.06,73.95,19.00,5.00,2493.81,784.00,7932.54,0.66,92.99
30.00,55.67,99.12,7.00,5.00,1670.20,900.00,3099.51,0.23,68.66
29.00,96.55,68.26,10.00,4.00,2799.85,841.00,9321.22,0.33,79.96
17.00,98.71,50.93,11.00,1.00,1678.11,289.00,9744.14,0.61,69.76
13.00,99.80,69.09,0.00,1.00,1297.36,169.00,9959.35,0.00,77.24
19.00,52.79,70.75,19.00,4.00,1003.08,361.00,2787.16,0.95,53.38
17.00,86.85,84.50,10.00,0.00,1476.48,289.00,7543.23,0.56,67.51
5.00,77.30,81.93,4.00,4.00,386.48,25.00,5974.64,0.67,51.15
29.00,85.29,64.15,14.00,4.00,2473.46,841.00,7274.65,0.47,86.58
11.00,98.43,53.08,4.00,1.00,1082.76,121.00,9688.98,0.33,67.40
13.00,84.40,78.70,11.00,1.00,1097.22,169.00,7123.61,0.79,64.43
28.00,91.85,65.30,4.00,4.00,2571.75,784.00,8436.09,0.14,83.08
5.00,93.34,47.94,16.00,4.00,466.72,25.00,8713.00,2.67,53.33
16.00,91.92,94.03,16.00,4.00,1470.78,256.00,8450.03,0.94,72.67
12.00,71.30,81.47,11.00,1.00,855.65,144.00,5084.34,0.85,66.30
28.00,61.13,80.99,14.00,4.00,1711.61,784.00,3736.73,0.48,66.55
15.00,69.83,89.36,14.00,4.00,1047.49,225.00,4876.59,0.88,68.86
23.00,94.59,71.78,,3.00,2175.68,529.00,8948.18,0.21,89.41
21.00,57.33,88.90,11.00,0.00,1203.94,441.00,3286.76,0.50,65.14
12.00,75.67,69.89,19.00,2.00,908.00,144.00,5725.39,1.46,56.97
7.00,61.66,44.03,17.00,0.00,431.63,49.00,3802.13,2.13,43.61
7.00,79.07,64.31,13.00,3.00,553.46,49.00,6251.32,1.63,53.75
5.00,93.16,69.85,1.00,2.00,465.78,25.00,8678.21,0.17,53.27
9.00,94.02,83.21,8.00,4.00,846.16,81.00,8839.38,0.80,68.43
14.00,61.83,46.39,4.00,3.00,865.68,196.00,3823.48,0.27,41.82
11.00,95.38,48.40,19.00,4.00,1049.23,121.00,9098.24,1.58,70.06
30.00,79.59,55.82,0.00,1.00,2387.83,900.00,6335.27,0.00,73.71
13.00,67.51,55.99,2.00,5.00,877.64,169.00,4557.72,0.14,52.83
11.00,85.41,83.93,5.00,3.00,939.50,121.00,7294.71,0.42,66.01
13.00,74.08,55.04,4.00,1.00,963.08,169.00,5488.34,0.29,53.43
12.00,68.90,77.99,20.00,3.00,826.79,144.00,4747.12,1.54,60.41
16.00,85.25,69.66,4.00,3.00,1364.07,256.00,7268.28,0.24,64.95
6.00,62.44,74.40,0.00,1.00,374.62,36.00,3898.28,0.00,49.91
5.00,66.51,90.29,16.00,2.00,332.56,25.00,4423.93,2.67,44.66
20.00,71.72,64.26,18.00,0.00,,400.00,5144.13,0.86,64.32
27.00,62.68,86.25,13.00,4.00,1692.47,729.00,3929.30,0.46,78.94
27.00,70.26,65.32,11.00,3.00,1897.02,729.00,4936.48,0.39,64.79
28.00,78.57,61.23,9.00,4.00,2200.06,784.00,6173.82,0.31,72.19
9.00,87.05,97.52,19.00,5.00,783.44,81.00,7577.47,1.90,70.08
7.00,88.36,51.06,20.00,1.00,618.52,49.00,7807.44,2.50,56.89
16.00,91.14,45.42,17.00,4.00,1458.23,256.00,8306.41,1.00,68.98
12.00,87.21,86.26,10.00,1.00,1046.53,144.00,7605.69,0.77,69.80
26.00,84.05,44.09,1.00,4.00,2185.35,676.00,7064.73,0.04,75.97
7.00,61.88,90.22,17.00,0.00,433.13,49.00,3828.56,2.13,56.47
5.00,70.01,66.23,6.00,0.00,350.06,25.00,4901.56,1.00,48.90
7.00,73.89,94.93,14.00,0.00,517.20,49.00,5459.10,1.75,56.01
9.00,54.14,83.29,10.00,0.00,487.30,81.00,2931.63,1.00,50.25
19.00,76.42,76.62,17.00,0.00,1451.95,361.00,5839.79,0.85,77.31
18.00,71.82,96.96,11.00,0.00,1292.70,324.00,5157.65,0.58,66.88
7.00,90.11,63.80,5.00,1.00,630.74,49.00,8118.99,0.63,52.99
5.00,98.90,97.25,19.00,3.00,494.48,25.00,9780.23,3.17,73.34
9.00,77.80,48.10,12.00,4.00,700.20,81.00,6052.88,1.20,51.64
30.00,66.13,69.03,19.00,0.00,1984.03,900.00,4373.75,0.61,60.14
27.00,52.17,56.19,15.00,1.00,1408.59,729.00,2721.71,0.54,60.18
18.00,96.23,72.39,17.00,1.00,1732.18,324.00,9260.63,0.89,74.87
11.00,95.96,49.72,9.00,1.00,1055.51,121.00,9207.51,0.75,62.78
13.00,62.65,90.49,7.00,3.00,814.44,169.00,3924.96,0.50,58.01
19.00,84.77,90.78,17.00,4.00,1610.64,361.00,7186.05,0.85,77.12
19.00,53.77,97.31,20.00,3.00,1021.66,361.00,2891.40,1.00,62.89
30.00,58.31,49.28,0.00,2.00,1749.32,900.00,3400.15,0.00,57.80
14.00,60.84,77.40,7.00,1.00,851.77,196.00,3701.56,0.47,55.95
17.00,64.72,68.45,5.00,2.00,1100.32,289.00,4189.29,0.28,55.19
23.00,99.79,60.66,4.00,5.00,2295.21,529.00,9958.36,0.17,86.75
11.00,84.85,61.09,14.00,0.00,933.31,121.00,7198.89,1.17,63.27
21.00,69.21,64.77,14.00,0.00,1453.41,441.00,4790.04,0.64,58.19
24.00,86.86,82.30,1.00,3.00,2084.52,576.00,7543.80,0.04,85.23
8.00,95.76,75.90,0.00,4.00,766.10,64.00,9170.50,0.00,61.47
9.00,97.94,67.58,10.00,2.00,881.42,81.00,9591.29,1.00,69.54
27.00,52.89,44.56,9.00,4.00,1428.12,729.00,2797.69,0.32,55.79
11.00,69.73,44.67,17.00,3.00,766.99,121.00,4861.73,1.42,59.13
17.00,55.34,40.14,17.00,0.00,940.74,289.00,3062.27,0.94,45.25
19.00,66.78,98.06,16.00,4.00,1268.88,361.00,4459.97,0.80,65.17
15.00,58.48,40.32,7.00,4.00,877.26,225.00,3420.38,0.44,45.93
8.00,82.34,46.19,14.00,0.00,658.74,64.00,6780.27,1.56,51.05
17.00,69.41,58.88,7.00,2.00,1180.03,289.00,4818.22,0.39,61.44
11.00,61.47,88.45,16.00,0.00,676.17,121.00,3778.53,1.33,45.86
23.00,63.30,97.73,11.00,4.00,1455.83,529.00,4006.50,0.46,62.75
26.00,68.02,87.40,7.00,2.00,1768.45,676.00,4626.35,0.26,65.83
6.00,63.00,81.43,13.00,2.00,377.98,36.00,3968.68,1.86,53.42
14.00,72.66,71.28,3.00,0.00,1017.27,196.00,5279.77,0.20,66.55
17.00,51.62,45.20,0.00,4.00,877.47,289.00,2664.19,0.00,43.64
29.00,63.99,97.49,0.00,3.00,1855.66,841.00,4094.49,0.00,71.96
25.00,70.56,85.50,18.00,4.00,1764.01,625.00,4978.76,0.69,73.22
10.00,80.14,78.34,15.00,1.00,801.39,100.00,6422.27,1.36,66.20
16.00,63.55,85.54,13.00,5.00,1016.77,256.00,4038.33,0.76,54.91
16.00,56.66,83.45,20.00,3.00,906.55,256.00,3210.27,1.18,56.86
24.00,53.81,78.23,15.00,2.00,1291.44,576.00,2895.52,0.60,63.96
15.00,97.03,98.83,4.00,3.00,1455.40,225.00,9414.16,0.25,80.99
30.00,70.83,94.20,8.00,2.00,2124.96,900.00,5017.17,0.26,79.47
27.00,79.06,78.80,1.00,2.00,2134.57,729.00,6250.19,0.04,82.23
29.00,95.96,81.59,17.00,3.00,2782.81,841.00,9208.10,0.57,79.86
11.00,54.14,43.10,5.00,2.00,595.51,121.00,2930.86,0.42,43.72
5.00,93.83,80.20,8.00,2.00,469.17,25.00,8804.65,1.33,57.59
5.00,77.58,42.65,0.00,1.00,387.90,25.00,6018.56,0.00,35.94
29.00,58.24,75.30,8.00,4.00,1689.01,841.00,3392.10,0.27,67.90
29.00,70.56,99.96,15.00,4.00,2046.32,841.00,4979.10,0.50,86.35
24.00,88.88,73.35,12.00,5.00,2133.12,576.00,7899.67,0.48,80.02
17.00,74.02,68.39,8.00,5.00,1258.31,289.00,5478.74,0.44,67.28
13.00,99.26,58.77,20.00,1.00,1290.44,169.00,9853.40,1.43,78.48
7.00,68.84,47.23,12.00,5.00,481.86,49.00,4738.53,1.50,52.42
11.00,87.48,83.86,8.00,3.00,962.27,121.00,7652.56,0.67,74.14
10.00,69.65,51.56,10.00,0.00,696.49,100.00,4851.05,0.91,52.85
12.00,91.46,46.92,3.00,0.00,1097.50,144.00,8364.60,0.23,61.22
13.00,78.45,65.31,1.00,0.00,1019.90,169.00,6155.04,0.07,50.63
9.00,53.18,87.72,5.00,1.00,478.58,81.00,2827.64,0.50,45.72
5.00,51.84,84.70,13.00,1.00,259.21,25.00,2687.50,2.17,39.00
23.00,56.69,43.29,3.00,2.00,1303.93,529.00,3214.05,0.13,62.73
14.00,50.68,67.31,5.00,0.00,709.57,196.00,2568.83,0.33,44.65
16.00,53.77,71.35,18.00,3.00,860.29,256.00,2890.99,1.06,52.05
28.00,84.59,78.67,5.00,5.00,2368.40,784.00,7154.74,0.17,85.66
19.00,76.72,79.01,1.00,3.00,1457.63,361.00,5885.55,0.05,67.53
26.00,87.50,61.88,17.00,5.00,2274.88,676.00,7655.47,0.63,88.85
28.00,95.66,73.64,12.00,0.00,2678.43,784.00,,0.41,86.26
13.00,79.26,68.86,8.00,0.00,1030.35,169.00,6281.75,0.57,61.45
24.00,86.31,93.10,18.00,0.00,2071.35,576.00,7448.73,0.72,79.14
21.00,87.85,71.82,12.00,1.00,1844.94,441.00,7718.34,0.55,69.00
21.00,68.89,66.46,10.00,5.00,1446.74,441.00,4746.18,0.45,60.31
30.00,62.05,64.27,0.00,1.00,1861.63,900.00,3850.73,0.00,65.26
24.00,60.25,74.35,6.00,1.00,1446.05,576.00,,0.24,59.23
16.00,62.57,88.24,20.00,4.00,1001.15,256.00,3915.27,1.18,56.63
11.00,63.74,72.30,14.00,3.00,701.10,121.00,4062.35,1.17,45.08
6.00,60.36,79.70,0.00,3.00,362.17,36.00,3643.50,0.00,45.54
7.00,93.91,84.27,11.00,2.00,657.38,49.00,8819.28,1.38,56.97
21.00,87.85,71.21,6.00,1.00,1844.85,441.00,7717.61,0.27,78.68
9.00,52.34,65.61,14.00,5.00,,81.00,2739.98,1.40,44.03
21.00,63.43,92.60,20.00,4.00,1332.11,441.00,4023.82,0.91,58.83
28.00,51.11,65.05,18.00,4.00,1431.06,784.00,2612.15,0.62,57.02
21.00,74.91,67.72,0.00,3.00,1573.07,441.00,5611.25,0.00,62.23
21.00,73.81,99.42,16.00,1.00,1550.02,441.00,5448.00,0.73,74.55
6.00,91.57,40.01,16.00,2.00,549.41,36.00,8384.80,2.29,60.53
6.00,65.39,51.13,2.00,1.00,392.33,36.00,4275.70,0.29,33.08
26.00,90.82,63.04,11.00,0.00,2361.30,676.00,8248.14,0.41,82.02
27.00,98.40,95.96,5.00,1.00,2656.76,729.00,9682.30,0.18,93.07
9.00,54.42,44.20,10.00,0.00,489.78,81.00,2961.58,1.00,42.56
5.00,89.59,40.57,2.00,0.00,447.95,25.00,8026.53,0.33,51.20
5.00,79.50,43.16,7.00,2.00,397.49,25.00,6319.90,1.17,43.15
23.00,74.00,45.31,13.00,5.00,1702.05,529.00,5476.34,0.54,63.04
6.00,71.03,42.26,13.00,3.00,426.16,36.00,5044.80,1.86,40.69
25.00,89.23,68.79,9.00,1.00,2230.84,625.00,7962.60,0.35,85.69
16.00,81.97,74.85,1.00,0.00,1311.49,256.00,6718.76,0.06,65.88
30.00,90.25,56.30,13.00,1.00,2707.57,900.00,8145.47,0.42,94.39
10.00,95.16,63.90,8.00,5.00,951.58,100.00,9054.96,0.73,64.60
27.00,80.86,45.50,2.00,3.00,2183.31,729.00,6538.85,0.07,68.49
8.00,99.02,60.18,20.00,5.00,792.19,64.00,9805.58,2.22,57.15
27.00,80.40,71.35,7.00,3.00,2170.92,729.00,6464.87,0.25,68.38
15.00,81.83,83.94,15.00,4.00,1227.48,225.00,6696.51,0.94,60.47
28.00,77.74,40.20,1.00,3.00,2176.74,784.00,6043.63,0.03,71.19
21.00,54.55,68.04,5.00,2.00,1145.55,441.00,2975.71,0.23,56.53
10.00,86.32,57.82,20.00,5.00,863.20,100.00,7451.12,1.82,52.57
28.00,77.37,91.17,11.00,0.00,2166.42,784.00,5986.48,0.38,84.82
9.00,,82.93,4.00,4.00,652.91,81.00,5262.85,0.40,53.42
24.00,95.52,75.35,1.00,2.00,2292.57,576.00,9124.75,0.04,84.54
6.00,64.90,56.64,15.00,1.00,389.39,36.00,4211.75,2.14,52.69
10.00,76.18,94.62,4.00,5.00,761.80,100.00,5803.41,0.36,65.65
26.00,84.88,42.71,14.00,0.00,2206.93,676.00,7204.97,0.52,72.42
15.00,89.82,46.57,11.00,3.00,1347.35,225.00,8068.28,0.69,60.31
20.00,72.97,63.50,3.00,0.00,1459.35,400.00,5324.23,0.14,52.02
20.00,92.10,47.47,14.00,1.00,1842.09,400.00,8483.25,0.67,68.71
5.00,88.45,97.38,10.00,4.00,442.23,25.00,7822.67,1.67,61.32
13.00,53.31,87.88,15.00,4.00,693.05,169.00,2842.15,1.07,46.90
10.00,52.29,55.54,5.00,5.00,522.93,100.00,2734.56,0.45,40.85
20.00,81.04,75.31,13.00,4.00,1620.81,400.00,6567.53,0.62,71.97
7.00,67.37,98.94,17.00,5.00,471.59,49.00,4538.81,2.13,54.88
24.00,60.46,93.05,11.00,5.00,1450.96,576.00,3654.99,0.44,63.10
8.00,78.98,76.05,10.00,5.00,631.86,64.00,6238.23,1.11,58.11
23.00,67.08,94.22,12.00,3.00,1542.80,529.00,4499.48,0.50,71.86
30.00,76.86,99.35,20.00,2.00,2305.90,900.00,5907.95,0.65,79.52
7.00,73.01,84.60,10.00,5.00,511.04,49.00,5329.87,1.25,62.14
23.00,79.24,43.90,15.00,5.00,1822.48,529.00,6278.71,0.63,67.36
24.00,70.02,64.09,14.00,2.00,1680.36,576.00,4902.10,0.56,66.62
11.00,84.88,90.27,20.00,0.00,933.72,121.00,7205.19,1.67,70.19
24.00,59.00,53.83,14.00,5.00,1416.08,576.00,3481.40,0.56,59.05
13.00,84.83,89.84,3.00,3.00,1102.73,169.00,7195.29,0.21,72.34
5.00,70.58,47.22,10.00,4.00,352.92,25.00,4981.97,1.67,45.74
12.00,93.72,42.82,18.00,4.00,1124.59,144.00,8782.67,1.38,60.23
11.00,75.76,63.05,14.00,1.00,833.38,121.00,5739.85,1.17,57.91
22.00,98.66,42.20,3.00,1.00,2170.42,484.00,9732.91,0.13,70.94
12.00,80.10,97.44,20.00,4.00,961.16,144.00,6415.49,1.54,67.88
5.00,61.19,89.57,12.00,4.00,305.96,25.00,3744.52,2.00,48.58
15.00,91.09,88.05,18.00,3.00,1366.34,225.00,8297.30,1.13,73.42
29.00,67.25,77.79,1.00,2.00,1950.37,841.00,4523.12,0.03,70.42
29.00,67.38,52.98,13.00,1.00,1954.05,841.00,4540.19,0.43,57.83
22.00,51.59,71.10,3.00,2.00,1134.99,484.00,2661.55,0.13,50.66
27.00,77.44,75.84,15.00,3.00,2090.77,729.00,5996.30,0.54,77.56
14.00,76.72,71.50,20.00,4.00,1074.10,196.00,5886.14,1.33,63.33
7.00,67.80,55.61,19.00,5.00,474.60,49.00,4596.78,2.38,42.60
11.00,94.71,70.91,13.00,2.00,1041.82,121.00,8970.15,1.08,73.71
20.00,56.44,69.47,14.00,4.00,1128.75,400.00,3185.18,0.67,51.43
30.00,66.50,99.78,,4.00,1995.15,900.00,4422.91,0.06,81.16
20.00,66.08,93.85,7.00,0.00,1321.58,400.00,4366.45,0.33,67.25
29.00,54.61,67.80,15.00,2.00,1583.82,841.00,2982.75,0.50,58.51
24.00,74.06,77.38,9.00,5.00,1777.37,576.00,5484.48,0.36,80.60
21.00,84.39,84.87,3.00,2.00,1772.17,441.00,7121.54,0.14,69.38
6.00,75.58,42.09,17.00,4.00,453.50,36.00,5712.77,2.43,51.88
5.00,57.85,93.70,1.00,5.00,289.24,25.00,3346.49,0.17,52.12
20.00,68.86,91.61,16.00,3.00,1377.29,400.00,4742.29,0.76,64.34
16.00,50.13,67.45,12.00,0.00,802.08,256.00,2512.99,0.71,54.52
9.00,93.42,63.47,3.00,4.00,840.74,81.00,8726.37,0.30,60.82
9.00,54.23,56.38,10.00,1.00,488.03,81.00,2940.44,1.00,43.14
27.00,79.86,68.60,6.00,1.00,2156.33,729.00,6378.24,0.21,77.38
13.00,99.31,42.66,11.00,0.00,1291.07,169.00,9863.04,0.79,65.50
13.00,76.83,91.13,9.00,3.00,998.78,169.00,5902.78,0.64,68.25
7.00,96.20,42.13,6.00,4.00,673.41,49.00,9254.84,0.75,60.91
23.00,61.81,59.74,12.00,2.00,1421.53,529.00,3819.96,0.50,50.54
20.00,88.00,95.90,6.00,0.00,1759.96,400.00,7743.61,0.29,85.10
20.00,76.56,84.11,16.00,3.00,1531.27,400.00,5861.94,0.76,62.50
7.00,86.03,56.88,9.00,2.00,602.18,49.00,7400.44,1.13,60.27
24.00,53.12,55.16,9.00,1.00,1274.81,576.00,2821.42,0.36,58.91
28.00,57.39,40.30,3.00,1.00,1606.83,784.00,3293.26,0.10,50.48
26.00,56.66,81.74,19.00,2.00,1473.05,676.00,3209.88,0.70,61.69
28.00,84.36,42.93,3.00,0.00,2362.03,784.00,7116.32,0.10,69.12
5.00,92.22,71.96,6.00,1.00,461.11,25.00,8504.90,1.00,57.07
28.00,87.48,97.73,0.00,4.00,2449.46,784.00,7652.89,0.00,86.49
24.00,51.52,46.57,11.00,5.00,1236.57,576.00,2654.68,0.44,55.24
15.00,93.36,93.67,12.00,2.00,1400.41,225.00,8716.23,0.75,82.63
21.00,67.71,99.49,9.00,2.00,1421.85,441.00,4584.28,0.41,75.68
12.00,69.86,43.69,14.00,1.00,838.30,144.00,4880.17,1.08,47.40
8.00,55.24,92.97,12.00,0.00,441.95,64.00,3051.84,1.33,47.67
10.00,86.87,70.96,20.00,4.00,868.70,100.00,7546.44,1.82,54.81
12.00,59.11,94.39,8.00,0.00,709.37,144.00,3494.49,0.62,49.99
24.00,78.20,74.28,8.00,3.00,1876.76,576.00,6114.97,0.32,78.18
7.00,92.04,79.73,14.00,3.00,644.25,49.00,8470.53,1.75,71.23
20.00,54.46,72.63,9.00,5.00,1089.20,400.00,2965.92,0.43,48.68
29.00,76.77,91.87,9.00,1.00,2226.24,841.00,5893.14,0.30,78.13
7.00,61.66,84.03,7.00,1.00,431.63,49.00,3802.06,0.88,48.61
29.00,67.15,71.28,15.00,1.00,1947.24,841.00,4508.63,0.50,72.34
22.00,73.70,92.09,16.00,5.00,1621.37,484.00,5431.47,0.70,69.01
18.00,67.76,54.72,4.00,3.00,1219.59,324.00,4590.77,0.21,58.61
22.00,82.44,49.44,3.00,0.00,1813.71,484.00,6796.54,0.13,65.53
6.00,73.98,49.62,17.00,5.00,443.87,36.00,5472.91,2.43,48.13
26.00,79.21,60.04,18.00,5.00,2059.46,676.00,6274.22,0.67,77.37
7.00,86.84,54.32,3.00,0.00,607.89,49.00,7541.38,0.38,54.11
20.00,77.89,95.81,6.00,1.00,1557.74,400.00,6066.40,0.29,70.46
13.00,79.33,46.35,9.00,4.00,1031.25,169.00,6292.74,0.64,56.17
8.00,78.22,81.94,17.00,0.00,625.78,64.00,6118.83,1.89,57.59
5.00,68.94,51.35,18.00,3.00,344.69,25.00,4752.53,3.00,43.19
8.00,66.87,92.90,3.00,2.00,534.98,64.00,4471.91,0.33,52.38
5.00,94.98,97.68,9.00,2.00,474.91,25.00,9021.65,1.50,72.97
18.00,80.38,67.93,0.00,5.00,1446.80,324.00,6460.58,0.00,69.16
25.00,62.22,92.74,17.00,2.00,1555.44,625.00,3871.04,0.65,67.01
20.00,74.91,40.31,4.00,4.00,1498.25,400.00,5611.87,0.19,63.49
24.00,66.52,89.20,14.00,1.00,1596.42,576.00,4424.57,0.56,67.49
28.00,96.68,53.72,16.00,3.00,2707.17,784.00,9347.91,0.55,92.80
12.00,50.38,94.52,2.00,4.00,604.52,144.00,2537.81,0.15,51.35
11.00,61.27,40.07,11.00,3.00,673.93,121.00,3753.60,0.92,43.57
7.00,68.27,73.37,1.00,3.00,477.87,49.00,4660.50,0.13,51.65
21.00,74.39,85.40,0.00,1.00,1562.20,441.00,5533.95,0.00,61.05
5.00,92.54,55.52,20.00,5.00,462.70,25.00,8563.81,3.33,51.36
20.00,54.39,51.59,16.00,2.00,1087.89,400.00,2958.75,0.76,44.88
16.00,90.29,45.05,15.00,1.00,1444.69,256.00,8152.87,0.88,66.74
23.00,52.78,59.59,4.00,4.00,1214.00,529.00,2786.01,0.17,61.73
26.00,92.12,73.59,14.00,5.00,2395.01,676.00,8485.30,0.52,96.62
27.00,52.58,46.95,2.00,4.00,1419.71,729.00,2764.84,0.07,56.71
26.00,50.91,62.60,6.00,5.00,1323.72,676.00,2592.04,0.22,57.78
18.00,84.85,40.54,10.00,4.00,1527.27,324.00,7199.20,0.53,55.32
10.00,99.86,89.12,9.00,1.00,998.63,100.00,9972.57,0.82,69.09
10.00,94.83,47.71,8.00,5.00,948.31,100.00,8992.83,0.73,57.57
17.00,78.80,57.00,13.00,5.00,1339.60,289.00,6209.43,0.72,60.36
23.00,95.87,41.11,12.00,3.00,2205.00,529.00,9191.01,0.50,76.33
26.00,50.27,65.93,1.00,3.00,1306.89,676.00,2526.57,0.04,52.35
12.00,98.75,90.41,2.00,0.00,1185.04,144.00,9752.23,0.15,63.34
6.00,74.54,63.53,6.00,4.00,447.22,36.00,5555.83,0.86,53.73
25.00,86.14,50.77,20.00,3.00,2153.62,625.00,7420.93,0.77,70.73
5.00,91.04,85.22,17.00,0.00,455.22,25.00,8288.84,2.83,62.41
19.00,85.92,87.33,2.00,3.00,1632.53,361.00,7382.74,0.10,84.88
5.00,76.75,50.43,9.00,4.00,383.76,25.00,5890.84,1.50,43.03
9.00,73.83,86.25,6.00,5.00,664.48,81.00,5451.01,0.60,44.83
20.00,91.93,96.84,8.00,2.00,1838.58,400.00,8450.96,0.38,80.20
23.00,60.25,49.98,16.00,4.00,1385.84,529.00,3630.53,0.67,62.56
8.00,98.40,86.26,10.00,1.00,787.20,64.00,9682.50,1.11,77.83
7.00,85.55,82.51,6.00,3.00,598.83,49.00,7318.40,0.75,53.71
21.00,59.98,68.41,13.00,3.00,1259.48,441.00,3597.04,0.59,60.80
21.00,86.81,43.48,18.00,5.00,1823.06,441.00,7536.39,0.82,68.17
16.00,76.49,44.48,3.00,1.00,1223.87,256.00,5851.03,0.18,56.45
18.00,85.36,91.14,5.00,5.00,1536.51,324.00,7286.59,0.26,87.61
25.00,88.39,99.41,9.00,1.00,2209.72,625.00,7812.61,0.35,78.37
10.00,54.36,80.56,6.00,2.00,543.65,100.00,2955.50,0.55,48.46
7.00,75.31,66.76,12.00,3.00,527.14,49.00,5670.87,1.50,54.83
13.00,96.60,78.85,13.00,3.00,1255.81,169.00,9331.70,0.93,78.05
9.00,66.03,75.66,3.00,2.00,594.29,81.00,4360.24,0.30,51.28
28.00,79.69,63.02,7.00,0.00,2231.44,784.00,6351.16,0.24,77.44
21.00,68.46,43.94,4.00,5.00,1437.69,441.00,4686.98,0.18,56.04
18.00,72.71,89.29,0.00,2.00,1308.84,324.00,5287.24,0.00,67.08
25.00,77.43,62.31,3.00,5.00,1935.75,625.00,5995.43,0.12,69.63
7.00,77.45,89.13,2.00,4.00,542.12,49.00,5997.90,0.25,60.23
5.00,60.09,55.15,8.00,3.00,300.43,25.00,3610.39,1.33,38.97
24.00,84.23,40.06,7.00,5.00,2021.49,576.00,7094.45,0.28,72.45
25.00,54.39,49.54,0.00,1.00,1359.84,625.00,2958.64,0.00,52.77
27.00,56.94,68.11,5.00,5.00,1537.41,729.00,3242.30,0.18,66.75
5.00,50.14,96.66,8.00,4.00,250.68,25.00,2513.57,1.33,44.54
7.00,55.83,46.13,6.00,3.00,390.84,49.00,3117.53,0.75,29.75
22.00,73.66,91.25,3.00,2.00,1620.48,484.00,5425.55,0.13,77.43
29.00,80.31,71.62,12.00,4.00,2328.85,841.00,6448.91,0.40,75.71
14.00,89.71,89.56,16.00,3.00,1256.00,196.00,8048.69,1.07,69.34
26.00,55.33,57.90,1.00,5.00,1438.71,676.00,3061.96,0.04,53.77
30.00,92.54,90.40,4.00,0.00,2776.09,900.00,8562.98,0.13,99.13
7.00,87.30,86.37,11.00,0.00,611.09,49.00,7621.07,1.38,50.83
12.00,70.43,53.80,20.00,1.00,845.11,144.00,4959.81,1.54,68.82
18.00,96.65,47.88,7.00,3.00,1739.64,324.00,9340.62,0.37,77.46
28.00,99.55,92.08,5.00,0.00,2787.30,784.00,9909.50,0.17,96.12
22.00,60.25,97.79,7.00,2.00,1325.50,484.00,3630.07,0.30,64.24
19.00,68.96,41.88,17.00,3.00,1310.27,361.00,4755.68,0.85,58.34
26.00,96.32,83.88,2.00,2.00,2504.38,676.00,9278.02,0.07,91.25
27.00,86.08,94.57,11.00,2.00,2324.16,729.00,7409.74,0.39,89.31
6.00,52.40,91.44,2.00,0.00,314.43,36.00,2746.26,0.29,47.17
14.00,89.08,97.87,5.00,3.00,1247.06,196.00,7934.48,0.33,73.27
6.00,91.40,85.61,1.00,5.00,548.38,36.00,8353.42,0.14,60.83
30.00,87.53,66.54,11.00,4.00,2625.75,900.00,7660.64,0.35,84.52
21.00,89.98,58.72,1.00,0.00,1889.51,441.00,8095.83,0.05,72.05
12.00,91.26,59.24,5.00,0.00,1095.08,144.00,8327.77,0.38,69.07
5.00,59.32,83.47,16.00,5.00,296.60,25.00,3518.89,2.67,50.20
13.00,61.78,84.75,2.00,3.00,803.20,169.00,3817.34,0.14,39.54
15.00,81.69,52.02,1.00,3.00,1225.32,225.00,6672.92,0.06,63.66
26.00,95.39,92.09,19.00,2.00,2480.23,676.00,9099.88,0.70,92.35
20.00,65.81,82.90,7.00,5.00,1316.20,400.00,4330.93,0.33,63.42
11.00,79.42,73.77,11.00,5.00,873.57,121.00,6306.80,0.92,58.46
14.00,84.15,68.29,3.00,3.00,1178.09,196.00,7081.07,0.20,69.67
27.00,72.60,72.59,4.00,2.00,1960.13,729.00,5270.39,0.14,76.70
30.00,85.69,49.55,12.00,0.00,2570.67,900.00,7342.63,0.39,76.23
7.00,94.98,52.22,14.00,1.00,664.88,49.00,9021.84,1.75,60.77
22.00,81.21,45.47,15.00,4.00,1786.51,484.00,6594.26,0.65,63.28
29.00,76.99,49.22,9.00,0.00,2232.68,841.00,5927.31,0.30,65.67
28.00,71.94,67.22,15.00,3.00,2014.24,784.00,5174.97,0.52,69.58
17.00,78.87,71.82,11.00,4.00,1340.86,289.00,6221.16,0.61,70.43
30.00,67.77,41.07,16.00,1.00,2033.04,900.00,4592.52,0.52,71.17
11.00,69.57,87.81,15.00,1.00,765.32,121.00,4840.56,1.25,60.56
29.00,76.59,57.65,11.00,2.00,2221.19,841.00,5866.47,0.37,78.10
8.00,53.33,94.71,7.00,4.00,426.65,64.00,2844.19,0.78,50.82
17.00,61.45,98.05,19.00,2.00,1044.67,289.00,3776.26,1.06,58.73
24.00,77.14,51.13,2.00,0.00,1851.42,576.00,5950.96,0.08,69.16
5.00,71.58,67.73,15.00,5.00,357.88,25.00,5123.18,2.50,53.51
12.00,66.64,40.07,12.00,5.00,799.69,144.00,4440.99,0.92,51.99
18.00,86.53,75.90,18.00,5.00,1557.49,324.00,7487.00,0.95,79.26
20.00,84.69,76.44,7.00,4.00,1693.72,400.00,7171.70,0.33,76.94
18.00,58.34,54.85,4.00,5.00,1050.06,324.00,3403.15,0.21,53.11
16.00,93.93,73.50,19.00,0.00,1502.90,256.00,8823.12,1.12,79.35
23.00,74.77,53.53,7.00,2.00,1719.74,529.00,5590.73,0.29,65.58
27.00,87.07,49.65,11.00,4.00,2350.97,729.00,7581.72,0.39,73.66
19.00,78.66,79.09,0.00,2.00,1494.49,361.00,6187.01,0.00,67.41
6.00,99.88,59.56,20.00,4.00,599.31,36.00,9976.94,2.86,58.53
6.00,87.62,75.42,19.00,2.00,525.72,36.00,7677.29,2.71,56.01
27.00,85.35,65.99,,1.00,2304.42,729.00,7284.46,0.18,78.41
26.00,88.93,99.06,17.00,2.00,2312.14,676.00,7908.30,0.63,84.34
23.00,57.16,48.97,7.00,5.00,1314.60,529.00,3266.85,0.29,52.61
29.00,60.23,67.88,6.00,1.00,1746.59,841.00,3627.32,0.20,55.11
30.00,85.70,80.83,0.00,2.00,2571.10,900.00,7345.04,0.00,86.52
26.00,74.70,63.73,20.00,4.00,1942.18,676.00,5579.95,0.74,72.45
30.00,87.73,98.48,15.00,4.00,2631.95,900.00,7696.86,0.48,88.12
30.00,55.15,83.31,11.00,4.00,1654.37,900.00,3041.06,0.35,69.26
26.00,76.82,79.42,5.00,3.00,1997.43,676.00,5901.94,0.19,80.03
21.00,68.94,85.42,19.00,0.00,1447.76,441.00,4752.87,0.86,59.30
24.00,72.85,97.16,1.00,4.00,1748.40,576.00,5307.12,0.04,70.14
14.00,80.20,94.47,13.00,1.00,1122.77,196.00,6431.70,0.87,64.00
10.00,75.11,83.46,3.00,4.00,751.14,100.00,5642.18,0.27,53.45
19.00,76.99,84.95,0.00,3.00,1462.87,361.00,5927.93,0.00,72.71
26.00,74.32,48.76,17.00,5.00,1932.26,676.00,5523.15,0.63,68.08
15.00,70.45,46.17,12.00,1.00,1056.72,225.00,4962.89,0.75,52.51
9.00,88.59,74.25,1.00,3.00,797.35,81.00,7848.91,0.10,51.49
5.00,50.61,41.10,8.00,5.00,253.05,25.00,2561.39,1.33,37.22
12.00,79.92,68.94,20.00,1.00,959.07,144.00,6387.55,1.54,54.90
,78.28,,1.00,2.00,1956.89,625.00,6127.04,0.04,69.60
16.00,85.81,60.76,8.00,0.00,1372.94,256.00,7363.18,0.47,67.19
16.00,79.95,86.55,0.00,0.00,1279.22,256.00,6392.24,0.00,73.69
9.00,91.34,96.47,10.00,3.00,822.06,81.00,8342.98,1.00,61.66
11.00,97.95,44.34,2.00,5.00,1077.49,121.00,9594.94,0.17,47.98
8.00,,72.05,19.00,0.00,537.01,64.00,4505.93,2.11,51.85
10.00,61.37,92.95,3.00,5.00,613.68,100.00,3765.98,0.27,62.33
17.00,71.18,44.95,17.00,5.00,1210.06,289.00,5066.57,0.94,63.31
24.00,64.40,89.47,5.00,3.00,1545.52,576.00,4146.91,0.20,68.31
19.00,80.75,61.47,2.00,3.00,1534.20,361.00,6520.16,0.10,63.83
,95.59,59.33,10.00,3.00,669.15,49.00,9137.95,1.25,64.38
27.00,56.96,98.65,14.00,0.00,1537.81,729.00,3243.96,0.50,62.52
12.00,55.04,52.05,4.00,3.00,660.48,144.00,3029.37,0.31,45.86
24.00,62.80,81.59,19.00,0.00,1507.22,576.00,3943.94,0.76,68.14
20.00,86.30,89.29,9.00,3.00,1726.10,400.00,7448.51,0.43,82.29
17.00,79.65,42.47,11.00,4.00,1354.02,289.00,6343.83,0.61,74.49
22.00,55.11,80.22,14.00,5.00,1212.43,484.00,3037.18,0.61,60.93
14.00,95.94,97.09,16.00,3.00,1343.13,196.00,9204.01,1.07,74.93
23.00,89.50,47.45,9.00,1.00,2058.60,529.00,8011.01,0.38,73.70
21.00,51.15,93.77,5.00,5.00,1074.17,441.00,2616.44,0.23,48.66
28.00,82.57,75.69,17.00,5.00,2311.91,784.00,6817.53,0.59,78.66
23.00,88.56,77.00,12.00,3.00,2036.93,529.00,7843.29,0.50,77.70
30.00,68.72,76.78,2.00,2.00,2061.65,900.00,4722.68,0.06,70.34
27.00,53.45,57.93,9.00,3.00,1443.04,729.00,2856.48,0.32,57.61
30.00,53.87,96.11,13.00,,1615.98,900.00,2901.55,0.42,63.87
9.00,55.21,96.84,5.00,1.00,496.91,81.00,3048.40,0.50,55.38
30.00,92.02,77.52,2.00,5.00,2760.66,900.00,8468.05,0.06,89.87
25.00,95.53,87.01,15.00,1.00,2388.36,625.00,9126.80,0.58,88.60
27.00,56.14,76.74,6.00,0.00,1515.79,729.00,3151.76,0.21,60.02
13.00,61.80,69.06,19.00,4.00,803.34,169.00,3818.66,1.36,53.74
16.00,58.28,79.65,13.00,5.00,932.42,256.00,3396.10,0.76,59.54
25.00,59.32,73.18,8.00,3.00,1482.90,625.00,3518.39,0.31,57.61
5.00,91.87,75.85,14.00,0.00,459.37,25.00,8440.93,2.33,56.12
30.00,66.61,87.03,20.00,4.00,1998.22,900.00,4436.54,0.65,74.11
30.00,65.57,68.85,2.00,3.00,1967.17,900.00,4299.72,0.06,62.59
5.00,61.37,42.45,1.00,2.00,306.85,25.00,3766.25,0.17,33.91
,80.39,49.84,1.00,3.00,1527.50,361.00,6463.31,0.05,61.27
6.00,68.97,66.32,2.00,1.00,413.79,36.00,4756.21,0.29,51.51
26.00,87.21,83.49,17.00,1.00,2267.52,676.00,7606.02,0.63,85.22
20.00,60.28,75.60,13.00,2.00,1205.58,400.00,3633.56,0.62,59.85
29.00,89.39,79.02,19.00,0.00,2592.30,841.00,7990.48,0.63,92.34
12.00,80.19,,17.00,4.00,962.23,144.00,6429.81,1.31,60.66
